x,y,flux,peak,area
16.365277389257372,1005.9259660022875,31210191.30850116,26956.000000000007,1829
838.8238628920254,198.2069068564894,297425.7979011203,26602.000000000015,103
8.366822966816,7.25557643242143,4803207.864596868,25437.95661840895,538
5.175239823571279,434.8929353429385,225854.17694009078,25285.000000000004,45
714.9532050611732,717.8385356756945,172134.00000000038,24499.499999999993,52
937.3821608404361,471.77096998910656,213889.0000000003,24356.000000000007,62
509.76736610178034,208.49025825742703,223970.14449217985,24347.920074526268,67
898.5221264524796,837.5813151885822,194679.31677528756,23636.913313169745,60
328.7979225146408,842.2438765477839,280724.00000000023,22986.000000000007,71
987.2833284221109,791.0108335788946,115381.99999999991,22340.99999999998,40
670.8971516200223,42.03270093564463,96511.00000000015,22198.000000000007,39
988.029169025215,895.1897878498761,99048.66382059533,21948.61567582948,36
342.58637654982977,861.1439784764165,265755.0000000001,21645.499999999996,74
963.2023661046177,539.422174000574,113914.37392901238,21620.560874777002,49
352.730033609007,837.1645778191324,129954.21684830682,21368.085875277386,70
636.2556835601621,872.4264834184848,104877.14667474356,20102.55840426452,37
790.8371444431928,61.429096483167044,98129.26438536218,20084.317190606198,37
776.9340635898657,735.5620445198513,100786.49999999993,19838.499999999993,69
935.5724572545668,141.2483631237444,101794.49999999933,19472.499999999978,45
888.5212450032702,431.2931838248232,76356.41526835506,18828.529117385373,33
109.93444859681566,255.717811530606,75961.11931961743,18335.907841852157,60
1021.6045945797711,781.6884110656929,3232339.685389943,18151.253638184775,2318
691.1975055986918,159.1561184434367,98460.5,18120.5,39
798.8353823244217,780.17182088932,57752.000000000226,17759.000000000007,30
886.2765767949105,16.51136625265071,82525.00000000015,17478.500000000007,30
851.5708246673091,501.00635790256854,118278.00000000087,17360.00000000002,57
928.3714804682071,889.3082349003727,96630.1895963434,17262.0,45
331.69775891021516,115.02253644909682,63718.99999999986,17120.499999999993,26
814.0209667926267,974.765356171044,58616.50000000012,17064.500000000022,19
1010.2386336691943,4.203469468201473,43821.6351918045,16381.0,23
519.4653986240388,413.42859753789116,76601.0,16152.999999999996,36
728.9996026818972,785.006779240129,40270.00000000013,16142.999999999996,26
886.539268079255,78.04292455778487,63996.00000000029,16016.500000000015,36
841.6816356461918,76.831083912421,57273.999999999985,15481.499999999987,34
507.42572580683657,29.907533430742173,69906.05612224362,15481.092480192134,34
521.8662603495861,503.547493100276,69567.99999999997,15319.0,29
457.91631224825034,1011.0346542451449,44439.00000000003,15098.999999999996,27
758.2494495766848,419.0895884876411,44056.99999999963,14995.999999999978,22
699.0009374055496,64.55945839076233,112335.57040727872,14980.23236212664,73
374.0212620027434,1000.286535823573,37908.00000000016,14834.000000000015,22
262.90152345663506,70.53700588265053,89501.38415926634,14702.825242444558,48
782.3840417608645,638.470991266856,88525.54951344215,14386.006401511968,69
581.459370289546,129.76774119180845,98886.60090065163,14349.908049067697,65
315.93449546003586,675.5848798356925,48371.73506588205,14216.1510560596,27
561.1363398138212,1017.7827497566697,40068.99999999975,14129.99999999997,17
342.2047371437929,790.8167376351129,48848.00000000013,14076.000000000007,26
872.2313896716294,371.16648088676857,418070.5269349506,13942.000000000004,399
402.66549646451324,253.4950748468265,320912.33244978834,13920.538354927401,93
863.3478967515667,875.2434079681785,46760.99999999974,13746.999999999982,29
701.9333061494167,863.7283676998743,76527.14977746291,13671.100082780293,32
948.0403896412446,950.2868960452706,46299.0,13389.999999999996,30
826.4850293571063,326.10250151248476,64895.21405509989,13305.900565546304,30
628.864522754546,106.8298024554601,86664.00000000086,13280.000000000018,38
938.5003806406179,349.8144472146621,52542.99999999993,13225.499999999989,30
861.046784678256,298.6888326592839,47226.99999999998,13123.500000000005,34
457.5248993833452,822.5867203288827,57892.99999999993,13054.499999999996,28
192.29787740391603,90.49477568787745,102152.01845639954,12886.502669851468,88
979.9186585429362,350.2122845388742,38406.0000000002,12883.000000000018,25
633.5341114283201,180.0413553166301,33030.81952480941,12576.912621222296,26
620.1120366480617,0.0,49635.5442277206,12576.79203253152,7
443.853810176072,22.122114762413364,48294.947837994085,12498.51648438273,34
647.9842865966647,201.753106856084,40475.000000000226,12452.000000000002,32
68.15135979852766,310.8332786648705,47109.58708952689,12210.100672481545,29
745.4858481242833,659.4287464916789,50594.00000000034,12153.000000000004,29
722.5704713085119,358.50023300284425,62231.00000000029,12054.000000000007,48
498.9642646417485,111.26094764115852,38981.00000000013,12030.000000000005,35
71.48646318222279,996.272859980655,108666.60275763761,11809.961187712159,36
527.3835587647454,572.1423614176032,42271.31644192294,11653.72077757954,31
768.4564407570706,274.92810766018107,38344.58964443529,11448.953276837487,30
1007.1143121752228,702.145156809752,32702.80726207505,11447.724943245168,25
113.84175619867527,446.6804743086874,44093.69320032532,11342.527518626632,36
354.0528613526394,814.4214563767807,192409.0,11293.000000000007,101
501.18504201680673,475.89968487394947,47599.99999999958,11269.999999999982,25
739.8625887201403,408.96680149584074,26206.000000000025,11173.000000000007,20
26.001724210437782,228.02891206526775,47557.99999999984,11087.999999999982,35
283.27270617584776,119.12926058074436,34472.999999999935,11079.999999999989,21
96.61810793870362,748.5189011606545,46267.000000000284,11068.000000000007,31
992.4707965581165,45.640787981075185,36143.0000000001,11051.000000000011,13
633.4071947711168,50.42378089247202,35960.27922242063,11039.00000000001,28
628.4005100164284,330.86332540519334,40782.99999999998,11025.000000000004,25
598.3536800785083,535.1786064769382,50949.99999999987,10940.999999999998,28
120.6614284910604,195.26549999500006,106470.61105188983,10809.027154485706,56
62.60268956852549,159.86881359587753,114890.82732490746,10786.638995848221,41
667.5712750441389,139.2609963921087,39080.99999999991,10761.499999999998,28
731.708160912888,186.49313675160258,49022.17163839559,10658.000000000018,35
361.59275366048223,796.2841409124829,38861.00000000019,10532.000000000013,22
132.34579052566735,598.1986614587059,32696.641781801827,10525.187517051672,27
328.01905935927437,637.3179891504034,23348.10911502505,10505.800976830695,12
643.547068918113,676.0753221310723,41461.91770655595,10498.26976073078,26
262.23995549337894,1.786603223143805,111268.37342577767,10478.999999999989,40
769.7634282631061,38.502393973858204,44794.10594848957,10473.05677398578,29
979.1317735889202,3.907698291154994,22864.97639385348,10436.500000000002,12
571.2002372381943,76.2387715054365,32605.348610189743,10396.000000000011,22
991.7359078244576,86.85256293268118,82190.99999999945,10342.999999999978,57
368.3264063534083,169.01409662475183,30220.000000000004,10342.000000000007,25
220.51325989392086,728.9672765694795,95589.00000000023,10309.99999999999,50
684.2938093158082,733.9371401342174,25183.000000000073,10231.000000000007,15
334.1491321382945,0.0,783341.9853496533,10181.157242269037,125
841.5694008783689,216.99113849686174,58000.96660520085,9966.492730189228,58
378.8500893551252,104.97368997715611,182808.79465594937,9951.53187390713,144
503.97250501002003,421.6611222444889,24950.000000000022,9866.999999999998,16
428.5714600508115,280.73476953388285,38574.00000000018,9828.500000000016,26
897.827478384776,23.03499395577432,38250.14089971478,9792.349619021928,24
4.946824475599024,131.88581071404514,32396.74136317034,9782.515504390225,27
481.97493181203004,424.28749297299544,24014.500000000175,9766.500000000016,17
151.2103330560257,241.00490547634755,34858.99999999994,9710.000000000002,33
405.15090505601455,232.54084115397984,37401.00000000018,9685.000000000011,27
1015.5578367765066,369.9323459108759,23427.999999999807,9524.999999999985,15
105.45447843018638,110.47005557866082,52897.99999999977,9504.499999999989,32
48.96045550643859,171.21828752642705,20811.999999999938,9439.499999999989,10
1012.9619744536277,866.6348698180392,30610.999999999916,9344.999999999989,19
979.9320914964575,129.0967491362379,38117.74581367411,9187.660642513634,22
927.4256177587993,145.82534773462277,31848.999999999953,9141.499999999993,30
989.9030519764827,578.6335057760059,25841.596582275797,9100.039254720814,18
596.8896145943407,577.8187469126599,19756.11714558481,9024.12621222284,13
951.113805468066,688.7604416399985,30969.446415031598,8861.49744833485,21
702.3625752087604,722.6531903186382,54545.13029490946,8751.540731728559,30
638.1948137736827,527.774016039747,105880.08004748305,8716.352518220037,71
681.4219797619932,625.3918454192335,40418.99999999993,8691.499999999987,24
1003.1065919936739,62.961215433108045,126866.0736910095,8681.499999999975,51
380.4249018102818,188.81067220066913,33523.29601610262,8649.53149255013,27
1011.6878220501982,82.36074964975185,168451.9999999993,8642.999999999989,106
989.582555201582,973.8374528543704,27309.00000000002,8636.0,12
5.388439773645918,868.5691499284874,32161.999999999854,8626.99999999999,20
899.5653728897385,728.2799398144253,31875.999279481675,8517.000000000022,27
877.3598992733615,133.0296747999204,39356.05677041928,8516.562430232418,24
338.06576903158987,372.4997410668048,30896.000000000127,8512.499999999996,24
120.7560311925424,484.25901423411653,62142.40224758612,8439.961050872284,39
859.9546803482393,516.4094883625485,27412.231194170312,8398.567040088205,22
60.07997663743488,647.3053198679454,21241.63434696449,8339.0,13
368.52685839572695,113.80607841765216,42872.99999999973,8321.999999999995,42
650.9328520416085,720.4039163173419,51528.000000000175,8318.0,35
552.9607795548868,301.21148945465137,20601.49999999985,8287.499999999989,19
571.7547160623336,119.01231246309258,20629.503462466626,8246.865102320076,17
958.6665569512018,357.07471074630416,22205.64084913662,8168.875915547291,16
741.7059280639429,879.7758436944933,22519.999999999978,8071.499999999987,14
176.81900764675441,851.2646754441442,34786.00000000007,8049.0,21
580.3530453047026,899.6939158491467,38989.3138209779,8026.673641334943,31
135.54490031883955,12.431747310886088,28540.99999999995,7969.500000000007,28
269.05229708622824,655.3845532396186,18567.000000000007,7920.0,11
364.8353137927999,1016.3910307191269,22722.000000000065,7914.000000000009,16
970.4874743667904,329.425843817547,36085.99999999994,7908.500000000013,24
568.4054687698385,522.2918207563839,23748.765314555123,7770.730442879598,12
478.8162493659796,950.4370360123577,21687.00000000006,7707.0,11
295.2066152559695,88.68558951965062,26907.500000000084,7706.5,21
36.66708095829941,435.93507050100715,23333.000000000004,7672.000000000007,17
981.2080916201955,332.6708709158277,26719.000000000084,7481.0,18
976.1288297132993,671.1135918115687,435155.77210266265,7454.000000000022,249
12.164523634582416,198.7272226304188,16332.00000000003,7379.000000000007,10
784.0523259470135,0.007427015309665047,355904.5007720283,7323.1770216066,62
881.586224705385,755.8627165594629,21299.000000000022,7281.000000000002,14
539.3994885146188,725.8395963412667,21701.500000000215,7272.500000000018,19
284.63127886676546,136.95191266491352,45251.000000000044,7269.000000000004,31
680.2528858106908,998.8882969277216,16893.000000000025,7238.500000000009,10
364.045608608378,42.07529040113199,15194.499999999918,7230.49999999998,9
990.5509414451598,0.0,352571.5376520802,7229.4576552483395,56
817.1963680770579,377.4742564666934,28266.131956214616,7167.0,23
603.3232637807538,390.51935442504623,27293.50000000016,7161.500000000016,19
305.04040607096186,792.8127449994975,19898.000000000106,7109.000000000011,16
640.8958921727394,718.2137377807703,13477.87833112603,7093.365901993055,10
245.6713360642361,643.9751428319665,22696.841997491883,7041.419200598477,24
862.988029875434,0.0,251960.61940579923,6974.503061687163,39
263.17741187384047,480.22417091836735,17247.99999999995,6970.499999999998,12
469.17533243958115,717.6550237327441,27599.00000000022,6905.000000000022,23
30.921357927517878,687.3132507443277,29221.000000000022,6876.500000000002,24
328.1591408884328,162.05739627620582,13641.99999999998,6873.000000000002,9
775.5443112381995,349.51766992874235,31154.624788135432,6838.65103283897,24
937.9667626171818,959.7378068014913,13599.145350000588,6838.4953113124375,10
542.8342016549188,806.6953110634385,16314.999999999905,6825.999999999993,13
954.864676746992,982.0933763906738,14335.124341795647,6812.000000000011,8
414.51874182534726,0.0,179144.7704686305,6810.063231022532,28
139.5771527274278,372.0420522881391,46894.00000000025,6768.000000000004,54
889.4925000492814,0.0,52774.702186292525,6755.181416726104,8
650.5013919729697,0.0,63938.023176020215,6727.202317602023,10
9.899646092016077,344.3549877031972,16670.9999999999,6719.999999999998,14
930.5228658012848,0.0,395345.24486676446,6706.066382673125,62
287.915247534172,905.6083847076443,197867.43471128502,6691.505757423369,360
692.7886961003264,847.2090133424955,17462.99999999999,6658.999999999989,12
1007.8915688830944,565.2001303780964,13806.000000000018,6610.0,8
155.74584408912978,0.0,1199481.8472751887,6588.3435885974595,194
184.22388829014577,428.6757883885479,21340.999999999967,6584.999999999993,20
748.5149870770084,0.0,25722.160484091306,6584.290121022836,4
823.9875038772235,0.0,109174.8428306272,6557.3541958705755,17
741.9747809036872,0.0,31840.950605114125,6541.790121022819,5
312.9017143059373,502.534820932666,20074.132037367574,6536.633252335472,16
872.3933422991437,516.1145321221147,20440.78939186099,6524.067040088203,17
443.4746849816792,0.0,163900.7244937864,6512.563231022528,26
349.04450189271535,931.2694118733266,21662.000000000047,6511.999999999996,17
169.80382261355095,370.1771716954794,18626.000000000124,6508.000000000004,20
520.4841338697806,0.0,38194.56865792519,6494.4281096542,6
630.0237968524291,888.868547099521,13153.000000000015,6493.000000000011,9
480.5235768750999,0.0,113840.36216134173,6485.575675630087,18
8.217766197120206,254.81026093477033,13303.258440982338,6468.575018297977,7
466.51111865223663,0.0,37639.45405378065,6456.0756756300925,6
610.5076810071774,0.0,37950.75219518908,6411.292032531515,6
701.5443044323239,0.0,62463.31804296658,6402.782466121427,10
566.9280013469447,0.0,438301.97160792776,6397.4281096542,71
241.60735519863587,772.127389467398,28890.077419726054,6375.0,28
111.46532326763213,30.7268748347678,34042.99999999994,6344.999999999985,23
668.0325788026233,993.5434736619421,18908.00000000007,6343.000000000004,15
714.0002673886822,0.0,56098.11108920552,6339.79012102283,9
990.9065391001819,994.1349727208035,12647.000000000044,6327.000000000011,8
799.7036751972292,489.9350907574883,15591.000000000044,6306.000000000011,13
681.441073248047,178.8840710970225,17665.999999999778,6279.499999999976,16
337.77309606554894,250.84976747487002,56358.292764785154,6277.621790130361,68
676.0019953506223,0.0,18543.106952806065,6270.702317602023,3
836.9988747040524,0.0,30554.43013323965,6230.947749006667,5
605.0189890388742,0.0,18168.376097594522,6224.792032531495,3
252.59861037974878,217.02845171719014,12512.425792127287,6209.189318334244,11
933.9025515434561,6.220697118122794,17558.000000000055,6204.0,16
31.560813968307915,821.1719274395681,23539.000000000084,6182.000000000004,29
600.1329959078182,458.3920417833297,27857.999999999913,6152.499999999989,14
940.0591456385295,80.31321250160113,62456.00000000023,6152.000000000015,45
5.136937431394073,177.8448591291621,10931.999999999982,6133.999999999993,9
521.4770764802631,83.5299650493421,19456.000000000015,6114.500000000002,12
650.0644916540211,169.61217462355552,17133.99999999986,6053.499999999998,16
523.018624796968,517.648294531673,13852.500000000124,6043.500000000022,7
689.300644831769,871.949243439954,15662.999999999989,5984.000000000004,10
259.2951379116774,552.3681525768696,12180.746213078655,5959.873106539306,8
971.1968089914137,827.847709605237,11438.331062853817,5881.204472032838,6
896.0450913293863,422.0605958995242,12127.123389339387,5858.189832430162,12
719.3408529741863,418.4029180695847,17819.99999999984,5836.999999999991,12
973.5628157376486,25.012329822758797,46715.999999999854,5812.499999999991,22
696.6455165808691,10.097749311624565,16706.000000000186,5802.000000000004,15
289.5439473397154,452.8223952813612,47284.412628275386,5786.000000000007,75
1018.1724351572841,182.59158241572555,35509.00000000002,5783.5,14
676.6960948456144,700.2422997187238,17391.113236370267,5781.559646970443,12
491.53913145128297,405.9829914080309,17109.000000000113,5772.000000000015,12
10.902604826007856,574.5526414576918,16763.42782146407,5758.433360006282,22
561.5559151966338,221.90888493283703,18536.999999999996,5757.999999999993,9
108.7131917125623,430.07600314712823,19065.00000000002,5748.000000000004,20
808.0781232627951,545.4796723863172,26983.00000000004,5664.000000000011,19
302.5060683278646,643.132207846288,49200.31849627096,5566.39084646646,43
71.68350281557635,1013.6682712540058,248701.42579490624,5557.020372745035,186
736.1706938594547,27.535225005542014,22555.000000000047,5548.000000000002,16
68.6409262482557,808.5236076668658,33760.21885291582,5527.9999999999945,34
113.8658103404973,1005.6908614689104,13935.500000000011,5483.5,7
913.790239606989,342.85391852435464,10788.499999999838,5475.499999999973,7
320.1619347753093,365.94805543772355,10896.231967222147,5457.111802715628,9
726.8054934823091,596.2351024208567,10740.00000000008,5431.000000000015,6
67.63818214862069,196.4613243575144,23402.755046213453,5422.588157202852,15
672.6462954545456,324.12049331693095,15931.375698780808,5419.000000000004,11
935.9808616336835,12.960745989087059,12278.999999999905,5397.999999999989,11
444.22414599758145,297.9051083841529,35478.1008535564,5397.400475360231,36
861.0094494909467,275.6119002621472,16403.000000000065,5391.000000000007,14
1003.2762609359403,935.8808643062652,17030.99999999993,5341.999999999993,10
868.4140882159315,979.0,9113.999999999996,5339.999999999991,2
572.7970603904163,641.3119219385999,13756.817374332259,5331.538851327268,12
59.74172100792173,429.5796809539155,12412.000000000011,5315.1205751622965,4
779.1762481393572,223.73617089753387,24856.999999999873,5278.999999999996,35
47.3008912374793,598.6757630727976,12678.999999999985,5271.999999999996,5
207.42727898966703,557.4846842709529,21775.000000000015,5269.000000000002,16
481.0489424327469,338.44219316859466,14609.000000000182,5266.000000000013,12
572.5497946326848,670.9363688962906,14662.640526553707,5249.077688047486,12
289.87491727332895,159.3217148319729,13598.999999999905,5237.999999999991,10
285.41513230780936,193.3794809049319,18914.353791260102,5206.369539314277,15
651.8024938731471,576.8433577084695,60212.470163404985,5144.409131106264,54
943.3654428904429,668.2738927738928,17160.000000000182,5143.000000000011,15
140.35407233647922,28.307184550761015,18330.999999999964,5129.500000000002,14
609.8050028425241,471.9425810119385,12313.00000000002,5121.0000000000055,9
63.34061197983541,192.94068111236865,13682.147071690284,5114.833963750276,9
780.1567803458865,781.2196541134638,12373.999999999956,5044.999999999996,17
529.2732243549581,363.6070513185624,17557.000000000135,5027.000000000011,13
594.358928640645,54.06949881778364,25799.000000000076,5005.000000000004,22
950.2711310739077,775.3645365455288,19591.99999999988,5000.9999999999745,16
926.9938222715032,310.76968160937747,12625.999999999818,4988.999999999989,16
876.4957303037054,663.7438182223214,13466.999999999956,4980.500000000002,12
363.0573901891632,14.978305012290264,9357.000000000047,4967.000000000015,6
445.90800464332966,228.05487108182263,9349.186911572015,4942.364641472977,9
66.00948739368506,326.2921594121838,11136.5640881082,4866.826008864689,10
248.85100895160065,654.8585950538613,6590.999999999993,4866.000000000002,4
516.0354790774513,425.75029173556453,9945.45046084805,4820.730586803649,10
367.0439920014543,778.7561352481366,11002.00000000004,4795.000000000004,8
1004.8900074319303,882.4714546314439,14800.999999999964,4772.999999999978,12
260.1631972244462,422.10528422738184,7494.000000000069,4748.000000000015,5
665.1375541046145,363.6077690558286,27262.000000000146,4747.0000000000055,25
738.007695677071,572.1154508412319,8316.357275656574,4731.408944065697,4
940.4058030450608,720.5497513713026,19507.000000000156,4715.000000000018,14
904.0630558500853,20.577088697985417,46213.00000000007,4569.0,25
1000.5175431832204,430.16425046267733,12968.000000000044,4506.500000000007,6
440.31568646638607,1007.1276380598231,30656.999999999796,4497.999999999993,29
615.8986087287974,750.1097770154374,7870.500000000015,4488.500000000007,5
755.4636320976067,645.9630846238073,12785.999999999894,4484.4999999999945,12
864.0308242126424,283.363115181297,13430.99999999993,4412.999999999993,11
662.5876060820368,737.8650990099011,11312.000000000018,4410.000000000015,8
332.4315388312848,422.79550916706717,14562.999999999909,4397.499999999991,14
1011.8658717033685,733.8052920184523,11489.000000000007,4353.000000000007,7
855.6725353849189,724.1330571583568,20277.000000000247,4345.000000000018,25
22.446686708455935,412.9314954586158,15634.000000000196,4303.500000000004,14
516.3361879429689,845.9664369634088,10815.469542323392,4283.500000000009,7
337.623140024412,699.2161655951227,14691.08597168234,4261.5,12
895.7856992925692,905.8009444548375,7185.4612288887765,4215.3059021607405,3
428.5001659842868,21.80657297775811,9036.999999999949,4205.999999999978,5
92.19147920661923,387.1898462632704,6769.737028874708,4188.263875309884,3
158.0416430915469,903.9308588887632,8837.000000000044,4186.000000000007,5
936.626119848696,308.410047116597,15068.999999999924,4172.499999999989,16
416.2008694540339,306.7876230661041,7820.999999999964,4144.000000000004,6
179.7967317883242,946.0592192399271,81833.19487625381,4143.866126889134,133
894.0276227005309,33.756752344680784,7425.443387363473,4122.401105620253,10
517.0209611055043,47.48443443832001,12880.999999999978,4095.0,10
756.3363598603437,65.51797789624943,15568.191359444922,4087.3513793601433,14
242.06483629106208,12.649927180538322,9269.500000000055,4080.5000000000036,7
778.9971345460862,45.52963139842834,11516.499999999989,4061.4999999999927,7
881.5295103169287,67.20768280617278,14926.983029738265,4014.5151882619903,14
655.3374831350422,937.8959278793083,16305.999999999956,4007.4999999999964,14
24.898994974874366,626.994472361809,7960.00000000002,3912.0000000000055,5
123.63696969682056,30.712706657754843,18308.704710351554,3900.027700210834,13
13.43385360153576,662.7168850680245,11981.000000000091,3774.000000000011,13
441.1785824187096,36.844394296850965,9748.999999999916,3744.999999999989,8
957.2267436207098,69.32775425688929,33558.465086236545,3730.5669056893457,16
66.27304219231583,93.06291450207507,8742.022615765518,3722.081595482263,7
621.5936179775281,482.05456179775285,11125.000000000015,3687.0000000000073,9
856.6529928461468,35.7935343656615,11043.000000000131,3676.0000000000127,12
767.8330770153968,168.77653345162997,7640.161911794712,3667.3206114167206,4
308.0693488618316,418.7143109228869,5666.999999999985,3654.9999999999964,3
504.0962103245722,669.3770213170012,14803.37856614451,3653.1189283072235,20
87.09098636168983,250.88010399708398,6022.880680382103,3649.0,4
262.9290396420768,284.3078763916346,9610.999999999905,3648.999999999989,9
208.01982156875073,69.74021869924687,14529.62697461342,3643.262697461343,10
740.1805436826808,419.53556163446746,11698.000000000011,3631.0,10
984.5132095128535,762.5908455124281,14307.870554874069,3614.999999999982,11
760.546184585286,507.37290427114146,12850.607974985069,3586.1825598173,12
985.5776944704779,393.2595126522962,10670.000000000036,3514.0000000000073,11
107.45625881130817,852.8293388736366,13477.000000000124,3488.000000000018,11
305.3156477242122,945.164826286022,9282.49999999999,3468.5000000000055,7
366.8324855431104,894.1399405309015,6068.522194926925,3449.565199605775,4
861.8252963793655,215.94969561038127,6241.999999999985,3448.4999999999964,4
299.42024230186775,879.0,5943.000000000011,3445.500000000011,2
906.0595467338171,235.0217745519182,6751.000000000058,3442.500000000009,10
991.5610113850666,422.83264650415595,14317.000000000098,3433.0000000000127,10
260.9488178202695,794.8026270772157,49029.60315752335,3426.3451599514447,55
86.4910760700052,28.418644948882346,11542.000000000007,3401.500000000002,4
22.224448187217448,691.6281358035635,11280.999999999996,3356.0,16
739.1280852928289,357.35796699284356,6847.0,3338.0,5
699.0974185863814,395.3715508639442,8279.671822950695,3325.011128322207,7
180.34874649368862,336.31144810659185,22816.000000000004,3316.9999999999964,10
752.0488878315689,74.66979897704294,8406.999999999949,3208.999999999991,8
467.5249622231617,452.29559782503867,10255.49680979073,3199.249920181981,8
619.7609611661542,841.2577155221501,8781.00000000003,3143.0,8
359.3054333183655,299.54979793444096,11135.000000000102,3124.0000000000073,12
442.8623193558648,172.8122551153153,8618.077678745936,3113.051680396902,10
562.4158514342563,42.92472226828055,6030.9999999999745,3068.999999999989,3
283.634456928839,1005.933520599251,5339.999999999967,3032.9999999999927,3
528.2905759162304,755.5876963350785,6876.000000000051,2993.000000000009,4
212.1886661320502,941.1236033146217,18704.999999999767,2979.9999999999964,29
966.3181925996204,798.5703273244782,16863.99999999994,2976.9999999999927,13
81.12681173424032,30.74305260309976,25873.000000000167,2960.000000000018,15
929.6967726396917,923.0,4151.999999999985,2892.999999999991,2
65.83971289698083,175.417990777817,8929.290315074357,2880.5227689236035,7
537.8055563989014,835.6864163126797,7416.032164872002,2863.9999999999927,9
670.862388216728,928.4743293003683,9504.99999999996,2843.5000000000036,10
782.9379727685324,549.5960665658095,5948.999999999978,2835.000000000009,6
736.0976362988479,938.4639505879557,8418.999999999935,2809.4999999999854,8
630.886582083814,481.4261181596822,7803.000000000029,2799.0000000000036,7
197.81130529916828,929.3882463146668,16460.451651847172,2787.838711447592,22
404.68122146118714,559.1835045662101,7007.999999999927,2770.9999999999927,6
485.9959132669057,1017.3267051199404,8564.297983790837,2762.588664865636,9
102.38386460388332,37.941542934274736,28892.999999999847,2686.9999999999873,18
683.0,840.6940627430646,3857.000000000011,2677.0000000000055,2
655.5265314484736,300.33241139110834,9762.000000000025,2671.0,13
8.467185115197328,911.2482738571117,27517.999999999945,2594.9999999999927,14
853.7250683684629,320.28248021893774,7932.344343132627,2588.401495901817,8
998.3576063028619,107.89329162321862,8630.99999999989,2574.4999999999945,10
556.1858107424903,4.627128083690405,5800.241588602861,2559.7471962009477,3
590.1839909868991,772.267966356335,6108.99489666965,2539.9999999999964,6
339.4482807592371,445.0144685377567,6796.310131673199,2536.80096272584,6
44.76869398204319,712.0826556203775,326771.6208373472,2531.0,273
150.60292942743007,872.482290279627,7510.0000000000255,2518.0000000000036,4
924.4292526929983,673.7485412926392,8912.00000000003,2517.500000000011,6
273.14146114471845,618.282456956724,4298.000000000004,2512.0,5
20.51074812614906,678.8379295714891,14142.000000000022,2498.000000000011,20
900.0,459.6165443261447,4049.961208869463,2496.980604434728,2
841.1778546712803,471.0991596638655,10114.999999999942,2471.9999999999945,10
608.5187564058763,175.9432866416126,7317.500000000009,2454.500000000002,7
898.1764591395274,529.7340315279318,12085.424663142756,2451.8801907407324,6
223.27654924145023,924.8936744664438,7778.000000000069,2437.0000000000146,5
935.5764656616416,621.8954773869347,5970.0,2428.5,6
152.2631870567376,392.18561613475174,9024.000000000091,2416.0000000000073,8
740.4249336229784,155.00000000000003,4142.999999999989,2382.4999999999964,2
209.1926260346125,481.7284926009531,7973.999999999949,2363.999999999989,11
584.0000000000001,561.4384337349397,4150.000000000022,2330.5000000000036,2
464.5006571741512,5.0,4565.0,2285.4999999999964,2
315.99999999999994,318.66328272513334,3397.083843110162,2253.2270289645567,2
594.8668763691513,910.0763354490816,35606.00000000036,2230.000000000009,56
752.5984156820624,496.0,3723.99999999996,2228.4999999999764,2
896.5961049409602,565.714929233395,12197.123117774696,2222.8801907407214,15
810.593367460494,359.19897618517695,4492.999999999978,2214.9999999999945,4
767.4311803152374,30.49924871119494,8708.0281627154,2214.5281627152435,11
909.5324282665401,526.9718994545887,16867.999999999898,2211.999999999989,26
281.0,551.7785485592316,2811.0000000000146,2188.5000000000055,2
178.76865671641792,27.44130697862041,4958.000000000036,2188.000000000011,3
38.48731707317073,156.20536585365855,6150.000000000073,2167.000000000018,5
499.5566315061387,645.0938959017811,5782.999999999945,2153.999999999989,6
243.73011956728033,410.476371227937,5269.000000000044,2141.5000000000036,4
826.0,20.218094887826403,2718.9999999999745,2125.999999999991,2
266.6629910321504,64.71199723473936,10527.011883271174,2116.000000000011,9
502.3554371560641,864.0958109272424,254421.07328288804,2083.7239067353767,208
929.5218068535825,420.53878504672895,6420.0000000000255,2065.5000000000055,4
151.6440329218107,936.9224438113328,6317.999999999985,2059.9999999999927,9
705.720974772324,50.68919787171898,15699.260941624041,2051.732993618243,23
225.25740835589374,120.80229750493889,6833.500000000018,2029.5,7
250.6881637381734,115.41243483297934,5179.000000000029,2015.500000000011,4
270.0,421.3829260748531,3232.9999999999964,1994.9999999999964,2
706.4602872167934,141.994363373208,6031.976438144786,1993.8449305558315,6
442.45920030792325,954.3545512008232,5943.672308695288,1969.1680771738156,4
925.3103918999208,644.8026195504575,3185.5179169435796,1937.3794792358913,4
5.275439835848583,377.4024733196494,4819.1940739715355,1929.199012328585,6
579.7782734147298,727.7831434771675,3392.729126603179,1904.7354413073372,3
926.6533945890761,4.23226135783563,3917.9999999999636,1794.4999999999854,4
9.76989935956084,600.7841948764868,4372.000000000022,1793.5000000000146,4
651.0719967777666,18.752592890947536,9930.999999999938,1779.9999999999818,7
146.5663252633969,769.5731375802914,5676.5699933528995,1730.727795172379,4
228.84472254240075,989.7403260332619,6072.999999999938,1720.9999999999927,8
768.0,156.46386890877946,3196.6928232257014,1713.8464116128507,2
171.49402628434885,232.0,3347.9999999999854,1693.9999999999927,2
70.48910892285916,942.0031718406811,168910.0786413956,1690.0883329902827,383
190.28900465701633,140.4243969417133,6296.041599202592,1613.364057222214,6
997.9999999999999,822.3073234524848,2293.9999999999927,1588.9999999999964,2
237.57904454188784,409.60696976690514,4333.0,1546.5000000000036,4
273.7181064455737,991.7389676384059,3738.9999999999927,1535.9999999999964,9
773.4170476495451,265.0,2609.9320732069536,1521.4660366034805,2
929.3366793816502,877.4055410560128,4980.999999999942,1457.999999999991,6
150.30578512396696,929.1127066115702,9679.999999999898,1451.9999999999782,13
6.053421421909819,69.33322204038383,8491.226821082219,1393.499999999991,28
200.1099111261109,938.5951175610307,8889.0000000002,1336.00000000002,14
405.5002384358607,238.58369098712444,4193.999999999964,1285.499999999989,4
510.82931176520117,1015.1573631546912,6178.553267066625,1249.22619311989,12
109.70832211150014,951.6834096417991,7426.000000000051,1240.0000000000055,10
154.92004430654308,954.7055040137725,4288.3293852657225,1226.8893109782439,6
310.4570983087366,995.0566954781915,33822.12795215119,1183.4771161661502,92
13.821527777777774,600.0,1439.9999999999964,1182.9999999999927,2
296.542282648768,446.7554730449125,23735.54131530371,1143.2791325407015,40
268.87022900763355,995.7423987579245,7729.000000000367,1118.0000000000182,25
179.3019447372233,67.85906268051043,3260.5304171003045,1113.499999999991,4
107.03577929657796,964.7297728403646,9283.299879199876,1055.6499395999545,14
1010.909743936449,303.08721372433024,11832.999999999742,1041.0,27
782.0000000000001,426.82391879964695,2265.999999999989,990.9999999999964,3
488.6962799388483,103.79921861729235,2943.499999999989,989.5000000000036,7
169.24758846761094,954.7814341614012,3307.9870387923693,982.0000000000073,9
1009.3405233277549,246.41387043408437,50517.75000000073,957.2500000000018,99
189.33688251662522,954.5121069177994,2633.5856361615333,933.6774228951981,6
1016.5138339920948,619.9335968379447,2530.000000000091,933.0000000000073,9
395.8376497248301,994.1642926513434,6178.000000000058,912.0000000000218,11
291.08282256797105,994.1928335690711,6362.999999999793,909.9999999999854,13
378.7233201581028,994.4416996047431,2024.0000000000728,894.0000000000291,3
229.8154101995565,872.6790465631929,1803.999999999989,891.9999999999927,3
28.795649072753214,207.8086067522587,8412.00000000008,878.0,16
89.27109629291569,956.499853183069,8873.600229262622,865.9756638618965,16
373.55959789372906,788.6404978458593,2089.00000000004,849.5000000000073,4
508.5433023741915,14.924394140008143,15987.27730717853,836.4088349648882,31
93.84092339979016,937.1544596012591,4764.999999999876,822.9999999999982,12
384.3483091950036,788.839218872176,2313.704382066804,805.8845107940069,4
342.3029510255338,994.0507534533276,4778.000000000109,787.5000000000073,12
134.40179660211712,5.291767961356347,4033.4578228594437,757.1667532385018,12
87.38115929434258,946.9262188233247,11506.999999999774,707.4999999999909,36
928.530825290526,940.2578294268269,5077.00000000008,694.0000000000109,11
320.1775756466633,915.4518789107493,1512.2925749984752,683.3731215245425,3
28.668794892258582,713.3437749401436,2505.9999999999854,678.4999999999982,6
277.18578465869115,996.0823363828291,1420.9999999999382,648.9999999999818,5
490.396813353566,994.1221547799696,1317.9999999999673,633.9999999999854,3
111.79759719672953,976.7582179209077,5993.000000000189,617.0000000000182,14
1005.2542689434365,311.75453575240124,3748.0000000000073,616.9999999999964,12
186.7855761503201,81.77946225627721,8010.092781707881,603.0185472036846,26
608.3654891304348,1000.5591032608694,1472.000000000011,597.0000000000036,4
25.0,817.2647754137116,1057.5000000000055,578.5000000000055,3
27.57026563838903,216.9005998286204,2334.0,569.0000000000036,5
329.43962650480273,249.73805485618828,3980.403888826888,532.3782098696502,11
5.076222289705435,660.2979046462192,3293.0000000000764,474.0,10
251.52009716715304,798.889666838093,2376.99526618468,443.5268504278829,14
170.79232505643338,945.2009029345372,443.00000000000364,440.0,3
372.0497041420119,923.6840236686392,1690.0000000000546,435.00000000001637,6
782.0,185.5562895028113,1313.9307750211847,406.8577618332347,6
782.0,174.631711409396,596.0000000000036,376.50000000000364,2
570.8259318725652,1001.2834594223878,1027.8380288833068,320.7869069569224,4
920.5317796610169,222.6334745762712,943.9999999999927,301.9999999999891,4
782.0,27.78723404255319,422.99999999996726,295.4999999999909,4
782.0,536.0,-274.00000000005093,92.49999999998545,4
