x,y,flux,mag,SNR
98.6736186148222,1.0809411338900947,12542.285492341161,14.754058294674026,52.17750754696642
727.9070718612644,1.8472295507464753,1512.6903485885616,17.050624910051987,6.996030314460108
105.10594866003932,2.5495371640023903,26619.33162682442,13.937007133087443,99.30217953100734
1420.073136433181,3.7188217485231343,16447.32214287871,14.45976200313618,66.22180156449933
1924.2032990309162,12.266148592368353,36822.49456101246,13.584716983266542,128.54159058067634
996.8941762641605,18.4066230827636,2050.564559976441,16.720316382083475,9.429552692991113
989.7350015496999,29.198506155308376,49860.658516418225,13.255604975021944,161.6846092753436
257.0929982333724,42.97373915789498,19.75901363425986,21.760586847737635,0.09287829959594533
1706.3193295303954,49.69989988543579,24956.41252519422,14.007044610423671,94.19503113792172
169.06178869523183,75.79336260208098,3702.525529381077,16.07875484570284,16.736305795537543
1146.0459974512742,82.56129580474567,1345135.9733716045,9.678084531718605,1140.7756082217309
735.6268345223037,85.13112930929528,20502.253212992477,14.220496017580725,79.9618476999743
1143.0834210339008,85.70627409332027,1319372.0768594185,9.699081778875609,1129.4391892639972
737.8431248210841,87.1237184107162,22038.948287756728,14.142022835317633,84.96786559521406
192.85600174535483,108.3343064367074,32925.005007744076,13.706185375779876,117.76673386101533
1960.803352223042,145.9340954155228,18521.39273905484,14.330815897787463,73.34970528275565
1066.7390038191656,160.86471181249732,30611.367581679562,13.785293168990195,111.1486202312443
912.1098478579954,164.35370484173197,15191.165919371251,14.54602223207813,61.79658136394666
1428.103667532073,169.90127861725918,26087.77939796209,13.9589072166089,97.68120449708522
1570.2285821594114,171.859575222965,1437227.662467412,9.606186081191888,1180.4106230757397
1570.1498584769915,174.09214192510103,1440321.6106049141,9.603851307755026,1181.7192187844191
85.61464359209882,179.9965365098985,34259.15327170848,13.66305843748705,121.50615683362602
1770.3997704380345,183.50201872635807,23454.68623621655,14.074425931071657,89.48936460291809
126.15383211904717,198.53307806515224,860.8854112414888,17.662636629430274,4.009550937795718
1118.194114120595,209.00417137733774,21692.730683916285,14.159214438739117,83.84910097612872
1457.5733027998658,220.25260166832282,29299.148173518704,13.83286251472207,107.31634829408341
853.7788873140936,227.37343549335594,116.13658885429226,19.837577335362255,0.5453259206568511
161.87851950016645,232.39974056553962,5941.666598174867,15.565229303005083,26.263680644534624
953.6732088321845,243.93567665347632,16301.878057516251,14.469405899568038,65.71371624106695
1138.3077969091435,266.0881617059448,836.7584738936885,17.693499702066532,3.898200588281557
468.8056087490271,270.3045094474076,41871.69540544844,13.445198634891343,141.86817097910082
1581.8200441767938,289.7199377254936,25415.286186921927,13.987262488983344,95.61498253446396
789.8896648734793,303.35611475766854,27951.27324397092,13.883996010567675,103.31778971209907
1639.6411866915528,326.6041204686263,16128.084747119447,14.4810430079293,65.10514093158945
2046.0935333762122,337.339514957741,65078.65447761553,12.966403587055666,195.93687848528324
915.2737021722015,342.1500483301926,1.224037558966252,24.780513139705047,0.0057548324844511
1228.9657069519494,359.1327180755299,580.6452166794708,18.090222868256415,2.712597164373213
1433.9211056453603,359.84039099060976,28012.244090473694,13.88163024498226,103.50005831411983
941.8799755277817,391.74781833377625,9280.830255840236,15.081032925993497,39.74750238949251
30.15619825849348,399.6311179844431,33582.50815450916,13.684717177806942,119.6164584753602
1435.8021273299028,399.36893419272275,24374.234878310795,14.03267252044207,92.38155948173015
1177.3666722022945,422.11522099775465,10730.160967393449,14.923484407404231,45.35572297704103
689.9850854059993,444.1932315216612,25144.75926467459,13.998881294870403,94.77885448220557
909.9119587760736,450.45861224082506,44735.52228176821,13.373368719889896,149.13957326148574
951.893381907005,452.0187830794286,28966.10859509487,13.84527461366416,106.33431667558791
419.94735811231425,457.6042326987588,24763.22083427653,14.015482173404589,93.59473641633375
1073.1328450105498,462.1562843821859,19540.60511799075,14.272654978803201,76.7748684277309
1204.3248307816443,475.82868711095006,18690.867324930638,14.32092636323407,73.92269245069195
2046.3190844023393,477.00231508503197,197011.83586397694,11.763769204951277,400.27616930809336
1281.1609211693033,482.1465904621422,1625.5807523822389,16.972478629026348,7.5090757446956555
2023.3720775525112,489.6635894372052,23138.042578701923,14.089183460179079,88.48541017421661
1630.695564626483,498.0446257050885,25191.809174066395,13.996851605262286,94.92447890594863
1926.5284480723965,527.2824338516342,26680.82691338516,13.934501786368202,99.48902329474127
1086.442328359675,529.5648673943991,81864.18123289445,12.717265193570892,229.62323160490737
1179.6746672193085,532.4864999646438,59387.84098098437,13.065756157555406,183.60145439320252
588.5662700866658,539.4151256152185,148.46378044761127,19.57094871216895,0.6968717706898185
305.2150096000403,540.4865516661725,19094.820337487792,14.297711058833457,75.28286311574209
1127.462279949282,571.9406822857447,62577.22990275972,13.008959164039311,190.5787158032219
988.1301840258376,581.3524126136947,444533.0439572689,10.880239876526815,635.1950170664385
1716.0477112105812,581.9763244303902,289557.65307854285,11.345662380177775,500.431382328082
128.80874455985813,589.182724843154,12871.46916040196,14.725929698815076,53.395071872030265
919.9097950962589,593.5033634138792,12849.012788569364,14.727825596580121,53.312217551135795
977.9460978158808,594.2301122105483,23881.568404924947,14.054842886566387,90.83629281881923
1116.2102290606756,595.7386715263405,138287.75867028366,12.14804065560603,322.8004402587457
873.2305999700513,598.5047683012059,10495.752620058289,14.947466034910013,44.45809028095553
1736.2933634099334,597.3874538391448,19582.89106244664,14.270307980032218,76.91590954993377
1495.684319650051,617.5222806837398,145111.09528406427,12.095748449670268,332.6014558838481
309.58779068785293,639.452645826841,16826.669651604858,14.435004578606634,67.541807074864
277.0978851465618,642.250932719016,304.16249862641143,18.792235832081595,1.425260957467324
2046.8244612246808,653.1813606066431,3467.758628999225,16.149877847295954,15.712834636916018
821.4285675838039,656.3547022777108,1718.6507429904455,16.9120309246333,7.931124251026077
154.1632399648637,663.4111668141362,1286027.9464927658,9.726873984292085,1114.5969297154452
1067.2399585923304,663.9442635565873,5430.07533579264,15.662985362633744,24.123185000299625
156.4349414206295,666.3577102845325,1343602.1861083528,9.679323245527067,1140.1038665925394
1294.829782861077,673.7608377262808,13205.347473929663,14.698125416656683,54.62341152907847
1197.8958139785404,680.3314289689545,89154.59737394277,12.62464064236417,243.19495412115708
850.2139461625322,681.8385374543394,245.72682442407537,19.023868579460448,1.1521793490267414
1082.7361381530536,684.6757855071702,30017.05479082024,13.8065798051189,109.42021005884142
1922.0275757283878,689.5330351179653,187051.7117582941,11.82009578276789,388.10195107643415
684.2829865035616,695.6287595357445,26640.69393277747,13.936136167293098,99.3671015980934
1249.7631014842248,699.8315685358191,75947.90331420167,12.798710527894741,218.16649913739903
934.2459848549926,701.6456926294679,31150.2626180412,13.766345718973877,112.70566362024266
1874.1738685708947,704.4022008618756,40413.11618892029,13.483694151332488,138.08721082050457
963.1085931813211,714.8377110804504,8323.344377277572,15.199255340295778,35.96402922182171
79.5916488072931,715.0693582503905,87530.45307754434,12.644602058799052,240.22057432241965
1112.5283104241892,716.9647239858523,8013.475798040462,15.240447675928873,34.72572295310226
110.28253792181552,727.3729687267087,13049.551497989278,14.711011036004976,54.05105798690629
1292.188312551168,732.8397748163565,5675.49156847489,15.614991292944765,25.152610046031793
1299.7388088440669,733.9504373447587,17123.782073047158,14.416000769700506,68.57047857284633
2006.285725949557,733.7670815672365,267459.12571983,11.431856448412393,478.2938836918459
1213.2313158070203,739.665117061144,43719.89858317036,13.39830213537975,146.5833382043153
1039.8450784378228,741.8077466576082,1415943.1305308517,9.622385472887899,1171.3687790594943
251.91836947940635,743.2951615089967,16603.994842269556,14.449468525498041,66.76787655295736
1100.5844596432003,752.0569127891727,17707.758725669366,14.379591010163102,70.57926587879207
1006.6794802645194,753.8807540841905,2157.647615226153,16.665048705966846,9.910761077420966
1462.0601387537947,757.9316828428424,1391231.4483465266,9.641501534512722,1160.7830242216114
1301.0035913321935,757.963336990566,14801.42743259394,14.574240999315748,60.40626040689801
1465.337771882577,759.9121919121011,959585.5105132151,10.044790795965564,957.2791188333995
253.4741844770659,762.5146097137911,16798.197586066122,14.436843286819181,67.44299217937996
1060.031738045341,762.3167089108545,13073.992662291583,14.708979407788716,54.140943112585184
316.73721464223314,766.4763212266295,20791.773818510028,14.205271144789553,80.91304867783647
1832.8884163167547,769.295112927367,363.68155318114515,18.598196817165334,1.7030460677764796
2046.1256363848418,771.189065958937,10049.489307742757,14.994640018858638,42.73924924273686
1022.6272305036497,775.1748881749387,2557.5761991563427,16.48042854567182,11.698508275383698
1422.0896369347527,777.9613448819457,187735.41612964612,11.81613447589502,388.94854837364477
1179.4465548817425,783.8674064203443,12273.797594054831,14.77755260724768,51.17960842144678
698.0083624794366,795.7805219565453,71999.51070936941,12.856676137287904,210.2783305904554
1283.2204741840317,801.8168074602204,18557.675385748975,14.328691065763055,73.47249264748443
965.5330678581178,813.4501867782338,102582.72251346183,12.472314447693032,266.8118955282672
955.6455648202732,837.3543492734213,58979.72556647575,13.073243131395213,182.69640661208393
1325.7577606494085,838.0251020818226,60161.61301536355,13.051701320573926,185.30965133717464
477.58950736397423,839.9233163463623,109672.62538300712,12.399754400267906,278.64825439942865
1962.154062935115,845.7920044719332,1186.1495666795026,17.31465136366859,5.505073306219785
1504.3265817980355,849.9141687080024,88497.37295021562,12.632674052920942,241.99462249098102
1117.8767283344382,859.4847655606208,32139.178786198936,13.732413061089336,115.5382295450533
259.7558209372256,864.638274375052,32806.226069377335,13.710109316713453,117.43114214437179
1232.709164172097,863.9340982845273,8421.81143520317,15.186486216707435,36.35608932093031
947.9027010399959,871.2283008047492,12676.600041060241,14.742493029661718,52.675086162383124
160.6190668306222,874.3533971859013,10770.931800960123,14.919366809881716,45.51148529205099
1075.0681172757897,874.9271962476616,17908.488069145173,14.367352695196562,71.26579075771159
1063.4017369427613,876.1513346101632,87688.53259196413,12.642642993713197,240.51127370561687
1084.9928448887651,882.0306508915014,301.84372569827235,18.800544618044892,1.4144315343680036
488.1511030896197,889.3444969014444,638.3179681482818,17.987407325875914,2.980151692889003
1296.183430830096,891.9714667937134,831.316403707281,17.700584124562454,3.873076389896079
686.0563120415414,895.7124507074781,36103.37772976927,13.606130412079544,126.58713746512068
1276.0853636244813,915.8169180253093,2960.2099893620784,16.321693700404605,13.483506729566988
2038.2195145852245,916.745700592763,66717.75476669871,12.93939644327743,199.39598061342855
1632.4265934480416,921.8810728440277,1942.980304587346,16.778829004229294,8.945005637201145
681.7024949140978,942.4592781317367,25786.50171033265,13.971518929547557,96.75768616610098
736.0744066601258,943.6576939721639,30332.79233207351,13.79521902049838,110.33993393625171
761.1100412202319,944.0685746404674,14338.847864347224,14.608714357768566,58.7451600170124
1874.1387781231908,947.3631898187962,24891.293457577896,14.009881337537058,93.99285483729498
583.9999904313597,951.2458482476299,1316445.1424706143,9.701493084119218,1128.1441271135
583.7864526824719,954.2495072306726,1423687.2156374136,9.61646353700721,1174.6665559558646
947.9117290328318,956.1311886307718,1948.8335432174115,16.77556313482446,8.971396050641621
1858.061163930581,964.0301525280481,44537.49327388281,13.378185575571774,148.6430507174597
1357.293750148969,979.8699376337031,15838.357318240534,14.500724658605275,64.08704565626664
1470.0854708151514,982.8534490006774,11727.995154083728,14.826940555375021,49.13742257151368
739.7351222406576,983.5101468817313,585300.9771673672,10.58155187706274,737.0941399515738
566.3776044035657,990.1412009086947,32299.90669154593,13.726996830658717,115.9956266415065
1438.578601192479,991.7559133934142,267049.33577535785,11.43352124475626,477.8742904700496
1259.4550037207387,1000.3453357435417,10481.053122832309,14.948987694512333,44.40168154482613
630.0019867403101,1015.185327752946,24842.266373422342,14.01202196441779,93.84052905786017
616.9042004385994,1015.9792937634917,877.0179894022407,17.642478745724013,4.083973463728342
1093.4629970648073,1025.4776885516726,44128.8809816446,13.38819271308713,147.6156300143644
2003.1447617416518,1029.1473067225493,889.0507907389165,17.627683568588104,4.13946610322433
1623.5190068913832,1035.8994895779238,19340.633716118864,14.283823249765874,76.10674228885247
1849.5735622260745,1039.3991053725024,1356268.271300536,9.669135995158488,1145.6393823616247
1847.1894970658861,1041.0587411730166,1518767.5587553468,9.546271720172468,1214.4287389789176
532.3836989687703,1041.962446288543,32655.582883523995,13.715106399813273,117.00488536448816
1845.440776128908,1042.1069267123041,1310650.019290312,9.706283154418248,1125.575618110606
1942.1148479767044,1041.7163640517226,25094.071512518825,14.001072171746944,94.62187343619576
1851.5409711853517,1042.6078626823808,1387723.5448409254,9.644242607952995,1159.2725363474874
1848.0131453785552,1044.1698912339966,1399192.5087950565,9.635306321783855,1164.2037782864072
1407.6722019637912,1054.1582795830625,210589.75710344227,11.691406890825476,416.3538827418552
807.5994997099598,1062.508321565912,900.2648994783393,17.614074205695136,4.191170145222769
1370.823913348397,1069.6967821117394,12221.257397913563,14.782210272287186,50.98381811722211
442.2824959934982,1078.6843231031771,19767.7408706108,14.26010740151209,77.53147790906826
439.4472634746307,1083.8173846514305,5976.152030102567,15.558945907083556,26.40721996293385
315.9940894508697,1092.5532839219204,8642.113915736943,15.158450033372,37.230765772953475
683.7500792256936,1093.350967618168,18533.39866603451,14.330112330472392,73.39034269476491
1239.3161260243005,1097.5457831133551,15144.700721934614,14.54934826110952,61.631263196268094
1856.059535902327,1097.288587411025,24216.08172248908,14.03974031606712,91.88657544203373
937.4372688919917,1100.0918527574388,58071.91166596011,13.090084693039968,180.67296179807983
1380.03851338606,1102.4574910256067,132632.1302062652,12.193378137773658,314.4822173172518
1240.3010610013077,1116.2069009568288,219104.0936654534,11.648373770387275,426.1539926532539
1468.76687107539,1119.500490228628,11980.293115331784,14.803831390423138,50.08370506303769
1467.8953166097128,1119.8892071585178,11336.99023497072,14.863755568598428,47.66306243078948
927.5599386171162,1126.137265895553,216351.7465793508,11.662098986121398,423.0086726408816
938.8207460549418,1138.0088624298369,327463.5997688382,11.212092420845519,536.3914651477394
838.0237989344346,1142.0475897978135,86160.61359723895,12.661728042121458,237.6905129152691
885.9401427215879,1147.518459176777,18790.443542819874,14.315157420966663,74.2587083640968
773.9999161395656,1150.1001641022542,266959.5678382124,11.433886273502573,477.7823289910021
1113.8497425465089,1149.6290206560657,20040.38559614021,14.245234816210475,78.43651028385318
1988.7315908052806,1153.6483612298164,94304.06292473039,12.563673990113733,252.45058455118
1480.1664376333338,1155.574147940332,109592.66723116454,12.400546258050177,278.516990569458
1775.868558116493,1155.847248462184,80554.83256719031,12.734771001727376,227.12348236361322
714.1035517825878,1162.9064778557454,10546.896208829387,14.942188319565224,44.654241932668995
852.0357788880718,1162.970263905771,12699.448946998715,14.740537808726227,52.75962387055735
1686.329917678985,1165.5502021484629,644818.620759397,10.476406074191155,776.2380239604101
1449.5815774452547,1170.0368763646395,18466.98110594566,14.334010237873233,73.16544609470145
1752.1508844081761,1211.7292758473086,10627.297585937267,14.933942895306396,44.96226204271787
1393.9770139428338,1211.2137819514885,9503.817708546114,15.055254756068129,40.61951978588043
1703.9633430359186,1223.026691829798,4037.6684437670483,15.984673365879598,18.189060798955314
668.0087491288118,1234.3079040567225,9897.065512205629,15.011233887438616,42.14914974475247
940.1338481785939,1234.341569103539,220938.87723622168,11.639319643282315,428.23900147563
1296.9283677013914,1234.0892285599107,413515.48994858674,10.958770543735678,610.5224659862649
1698.1224912923024,1239.042958735911,1275105.994049633,9.736134281766105,1109.6923357088785
1065.8877817061605,1239.2394139158594,8661.790636912066,15.155980794396031,37.30872258488417
1699.617431773395,1240.919192127268,1301677.1300249957,9.713741813684834,1121.587106763628
996.0897238728815,1241.641875475417,38951.42918676694,13.523691506946491,134.24317191360453
1698.7747769203334,1241.8034245530878,1283621.8218552845,9.728907271028476,1113.51828662066
492.2731560224382,1254.3279946719738,431316.7510824883,10.913009186994147,624.797808668098
929.1229224847405,1255.7240711647842,42165.06777022864,13.437617993280373,142.62220402926283
1551.5160326680457,1267.9606619628155,33374.853972623525,13.691451564557003,119.03372159642997
663.9130145297191,1276.2368666166406,93414.43312738916,12.573965043276047,250.87002438325027
884.2879861508138,1279.811359082821,17330.073587446008,14.402998982921801,69.28205688348294
59.16449312848476,1286.1007093358169,28079.62736228494,13.879021649793724,103.70134091140838
756.0643636503748,1296.2398042831971,85969.71436983731,12.664136290453698,237.3363464856952
808.1481198952017,1298.3457012332456,108384.58052454541,12.41258124720236,276.5277070943596
2045.707462639985,1304.861918492282,1405.739917220569,17.13023755704626,6.508845240223906
1890.1127747019668,1305.0463428972487,18594.444700833636,14.326541966893167,73.59686182712018
1426.55216956349,1313.6355351450827,310.3050445587709,18.77052791032874,1.453945982895484
1071.4106096051412,1318.3076602945753,8471.302461051158,15.180124529615744,36.55288458056093
1182.8204974082932,1321.6872136558554,13772.15041446396,14.652495606834076,56.69372055588186
704.5280850631528,1324.107601769915,71873.11591385872,12.85858381693628,210.0224311369882
896.6260882216527,1329.832479970163,11080.70648935145,14.88858137188781,46.69146638110561
2046.630630086691,1332.1315169230845,2039.2128214682143,16.726343617302994,9.378477257540348
1086.4383263993514,1341.1376731858832,15321.097464122868,14.536775311702764,62.258238451369685
963.9779689019937,1346.0769209215196,11150.471116725477,14.881766957308201,46.95636391387392
1105.6884515298084,1347.9534233962522,6939.527851146644,15.396675192240782,30.379756315701915
1677.2451283893915,1355.5817356322982,823.266712418458,17.71114861073405,3.835908269012753
1343.5652917767593,1357.049838754496,37940.52591827053,13.552241633419406,131.5513465923788
1812.1458214559837,1365.0683741006033,1668.5776765460444,16.94413392755729,7.7041588768283855
1746.1656396879719,1371.875767084133,454177.573593034,10.856935785513372,642.6791920617773
903.6582209898836,1378.2947398782142,1421.202424036642,17.11836015109771,6.579349187844455
1893.8459850067559,1391.8261530392301,2876.50536850644,16.35283702775295,13.11363102840731
241.25260927640625,1393.8199392355148,428.0233659776437,18.42133130504788,2.002933076072339
1396.793577072048,1397.9050014471811,15543.998721745624,14.521093120305755,63.0480887503987
2046.8146240012522,1397.9801073050335,197.4863767290594,19.261157145226214,0.92647794735412
2047.2277685757247,1412.1917682198732,169.3979311267629,19.427729745133075,0.7949509390758529
365.87726687057835,1416.102417543844,14580.954890668963,14.590535084049087,59.61604548837949
1674.495441626142,1415.9359196535952,9765.223479474065,15.025794533323364,41.63747907386228
395.4935752810684,1432.2542415062487,551070.7761908798,10.64698154853668,713.6272738533555
762.0040884904703,1431.7175252791476,13148.626437376313,14.70279903273119,54.41519893066504
735.5646058319197,1441.8555684650871,13971.82913427996,14.63686683530089,57.41864451326297
787.9085633793285,1444.471083980115,28230.926831866702,13.873187158922653,104.15269864628334
949.556127033291,1466.976863855726,52.32315453125129,20.703265201358914,0.24585935086695074
1757.9403432706083,1471.1835677556926,254.7595127589159,18.98467397599205,1.1944137927406282
1526.57377767158,1479.740911242981,49886.56558350539,13.255040984563422,161.74658884292475
1460.22943720841,1484.0889733453232,248.11417979072087,19.01337103743627,1.1633428008195468
412.0832388393595,1487.6913735764667,26300.411583992565,13.950093637591369,98.33091100655885
1588.258755449202,1488.165056003354,10752.209458399124,14.921255709837213,45.439971136845145
286.08567561632117,1513.9185528578548,45006.91258770426,13.366801945109504,149.8185569930031
1152.7978667469315,1514.2863360198169,34050.44956192048,13.669692874504829,120.9247863932973
86.15003919889016,1517.0439430495512,20119.30813663698,14.240967394727038,78.69784858339108
998.4682445070513,1519.5932572249333,14738.130829192953,14.578893981497991,60.179670074797365
751.6303463360147,1520.0684298073636,34365.31213099285,13.659699267889252,121.80137060406666
742.5722566230328,1523.7638041895825,219.68712114900956,19.145488505603396,1.0303777396661822
442.752566828213,1532.2899577118744,34172.25796144753,13.665815809675712,121.26425923308454
322.1819104648039,1534.0043209343494,9432.453123487809,15.06343836109297,40.34080945314675
976.827858869137,1533.9496684369253,11081.42624887763,14.888510848984097,46.69420090414673
